{
  "train_points": 385,
  "eval_points": 3,
  "last_train": {
    "step": 3840,
    "phase": "train",
    "epoch": 4,
    "object_id": "101441",
    "actor_id": 2,
    "source_view": 1,
    "source_views": [
      1,
      5,
      3,
      7
    ],
    "loss": 1.4017730951309204,
    "bce": 0.03408103436231613,
    "focal": 0.002213354455307126,
    "dice": 0.7977150678634644,
    "tversky": 0.7366712093353271,
    "boundary": 0.7846751809120178,
    "boundary_aux": 0.00878613255918026,
    "binary_iou": 0.1446434110403061,
    "binary_accuracy": 0.9966816804846939,
    "binary_errors": 2331
  },
  "last_eval": {
    "step": 3000,
    "phase": "test",
    "epoch": 3,
    "eval_pixel_accuracy": 0.9905375577965562,
    "eval_mean_iou": 0.7205655558079127,
    "eval_pixel_errors": 113949,
    "eval_batches": 30,
    "eval_best_threshold": 0.0,
    "eval_threshold_metrics": {
      "-4.0": {
        "eval_pixel_accuracy": 0.986443635071216,
        "eval_mean_iou": 0.695911195271959,
        "eval_pixel_errors": 163249,
        "eval_batches": 30
      },
      "-3.0": {
        "eval_pixel_accuracy": 0.9882673821481718,
        "eval_mean_iou": 0.7064354143028578,
        "eval_pixel_errors": 141287,
        "eval_batches": 30
      },
      "-2.0": {
        "eval_pixel_accuracy": 0.9894081998033588,
        "eval_mean_iou": 0.7131572754116404,
        "eval_pixel_errors": 127549,
        "eval_batches": 30
      },
      "-1.5": {
        "eval_pixel_accuracy": 0.98984375,
        "eval_mean_iou": 0.7157611147323181,
        "eval_pixel_errors": 122304,
        "eval_batches": 30
      },
      "-1.0": {
        "eval_pixel_accuracy": 0.9901905293367347,
        "eval_mean_iou": 0.7178769755922259,
        "eval_pixel_errors": 118128,
        "eval_batches": 30
      },
      "-0.5": {
        "eval_pixel_accuracy": 0.9904127471301021,
        "eval_mean_iou": 0.7194186947621879,
        "eval_pixel_errors": 115452,
        "eval_batches": 30
      },
      "0.0": {
        "eval_pixel_accuracy": 0.9905375577965562,
        "eval_mean_iou": 0.7205655558079127,
        "eval_pixel_errors": 113949,
        "eval_batches": 30
      }
    }
  },
  "best_eval_mean_iou": 0.7205655558079127,
  "best_eval_pixel_accuracy": 0.9906431029443027
}